{
  "mu_fast": 0.5911335135350517,
  "mu_slow": 0.1892099429805208,
  "H_base": 0.0009713627327961909,
  "lambda_fast": 3.9448036461736353,
  "lambda_slow": 0.6739013610877272
}